filename,width,height,pixels,aspect_ratio,mode,file_size_kb
0001.png,2040,1404,2864160,1.453,RGB,4837.9
0002.png,2040,1848,3769920,1.104,RGB,6938.7
0003.png,2040,1356,2766240,1.504,RGB,5145.8
0004.png,2040,1344,2741760,1.518,RGB,3053.1
0005.png,1608,2040,3280320,0.788,RGB,5842.1
0006.png,1356,2040,2766240,0.665,RGB,3597.2
0007.png,2040,1356,2766240,1.504,RGB,5783.7
0008.png,2040,1356,2766240,1.504,RGB,4763.4
0009.png,2040,1524,3108960,1.339,RGB,5607.3
0010.png,2040,1644,3353760,1.241,RGB,5970.8
0011.png,2040,1356,2766240,1.504,RGB,4848.0
0012.png,2040,1356,2766240,1.504,RGB,4512.4
0013.png,2040,1368,2790720,1.491,RGB,2295.2
0014.png,1356,2040,2766240,0.665,RGB,3024.5
0015.png,2040,1356,2766240,1.504,RGB,4873.7
0016.png,2040,1356,2766240,1.504,RGB,4710.9
0017.png,2040,1356,2766240,1.504,RGB,4309.8
0018.png,2040,1368,2790720,1.491,RGB,3392.2
0019.png,2040,1536,3133440,1.328,RGB,5762.4
0020.png,2040,1392,2839680,1.466,RGB,3706.7
0021.png,2040,768,1566720,2.656,RGB,2247.0
0022.png,2040,960,1958400,2.125,RGB,3816.3
0023.png,2040,1356,2766240,1.504,RGB,2872.9
0024.png,2040,1356,2766240,1.504,RGB,4630.5
0025.png,1140,2040,2325600,0.559,RGB,3896.6
0026.png,2040,1536,3133440,1.328,RGB,6810.0
0027.png,2040,1548,3157920,1.318,RGB,4179.4
0028.png,2040,1992,4063680,1.024,RGB,6075.8
0029.png,2040,1356,2766240,1.504,RGB,6290.5
0030.png,2040,1272,2594880,1.604,RGB,4444.2
0031.png,2040,1356,2766240,1.504,RGB,4720.6
0032.png,2040,1356,2766240,1.504,RGB,3496.9
0033.png,2040,1356,2766240,1.504,RGB,4092.8
0034.png,2040,1356,2766240,1.504,RGB,4973.7
0035.png,2040,1356,2766240,1.504,RGB,4601.7
0036.png,2040,1536,3133440,1.328,RGB,3777.1
0037.png,2040,1356,2766240,1.504,RGB,3954.2
0038.png,2040,1224,2496960,1.667,RGB,4289.2
0039.png,2040,1356,2766240,1.504,RGB,4444.0
0040.png,2040,1356,2766240,1.504,RGB,3342.0
0041.png,2040,1356,2766240,1.504,RGB,4363.7
0042.png,2040,1356,2766240,1.504,RGB,4744.4
0043.png,2040,1356,2766240,1.504,RGB,3543.9
0044.png,2040,2040,4161600,1.0,RGB,6191.6
0045.png,2040,1140,2325600,1.789,RGB,3463.9
0046.png,1356,2040,2766240,0.665,RGB,3945.9
0047.png,2040,1356,2766240,1.504,RGB,3794.8
0048.png,2040,1356,2766240,1.504,RGB,3829.4
0049.png,2040,1356,2766240,1.504,RGB,3992.5
0050.png,2040,1356,2766240,1.504,RGB,4072.2
0051.png,2040,1368,2790720,1.491,RGB,4872.5
0052.png,2040,1356,2766240,1.504,RGB,5344.7
0053.png,2040,1356,2766240,1.504,RGB,4000.2
0054.png,2040,1332,2717280,1.532,RGB,5420.9
0055.png,2040,1152,2350080,1.771,RGB,2703.9
0056.png,2040,1380,2815200,1.478,RGB,3935.5
0057.png,2040,1356,2766240,1.504,RGB,2741.6
0058.png,2040,1356,2766240,1.504,RGB,3603.6
0059.png,1644,2040,3353760,0.806,RGB,4922.2
0060.png,2040,1224,2496960,1.667,RGB,3876.2
0061.png,1284,2040,2619360,0.629,RGB,4066.2
0062.png,2040,1428,2913120,1.429,RGB,4490.4
0063.png,2040,1584,3231360,1.288,RGB,7592.1
0064.png,2040,1356,2766240,1.504,RGB,3416.9
0065.png,2040,1188,2423520,1.717,RGB,5295.3
0066.png,2040,1356,2766240,1.504,RGB,5059.3
0067.png,2040,1320,2692800,1.545,RGB,3754.9
0068.png,2040,1380,2815200,1.478,RGB,3618.5
0069.png,1248,2040,2545920,0.612,RGB,4599.1
0070.png,2040,1356,2766240,1.504,RGB,5135.0
0071.png,1356,2040,2766240,0.665,RGB,4738.5
0072.png,2040,1356,2766240,1.504,RGB,4245.9
0073.png,2040,1140,2325600,1.789,RGB,4009.7
0074.png,2040,1356,2766240,1.504,RGB,4305.3
0075.png,2040,1356,2766240,1.504,RGB,5587.5
0076.png,2040,1572,3206880,1.298,RGB,5322.8
0077.png,2040,1356,2766240,1.504,RGB,2488.9
0078.png,2040,1356,2766240,1.504,RGB,5455.0
0079.png,2040,1356,2766240,1.504,RGB,3794.6
0080.png,2040,1332,2717280,1.532,RGB,3545.4
0081.png,2040,1356,2766240,1.504,RGB,3621.1
0082.png,2040,1212,2472480,1.683,RGB,3989.5
0083.png,2040,1164,2374560,1.753,RGB,4375.3
0084.png,2040,1368,2790720,1.491,RGB,3226.0
0085.png,2040,1356,2766240,1.504,RGB,3353.7
0086.png,2040,1356,2766240,1.504,RGB,4242.3
0087.png,2040,1356,2766240,1.504,RGB,3904.8
0088.png,2040,1356,2766240,1.504,RGB,3599.5
0089.png,1536,2040,3133440,0.753,RGB,4943.6
0090.png,2040,1356,2766240,1.504,RGB,3828.5
0091.png,2040,1536,3133440,1.328,RGB,4548.7
0092.png,2040,1152,2350080,1.771,RGB,3430.0
0093.png,2040,1368,2790720,1.491,RGB,5091.5
0094.png,2040,1272,2594880,1.604,RGB,4323.2
0095.png,2040,1356,2766240,1.504,RGB,3628.2
0096.png,2040,1356,2766240,1.504,RGB,4284.6
0097.png,2040,1188,2423520,1.717,RGB,3528.3
0098.png,2040,1536,3133440,1.328,RGB,5172.1
0099.png,2040,1536,3133440,1.328,RGB,4772.8
0100.png,2040,1356,2766240,1.504,RGB,3848.7
0101.png,2040,1512,3084480,1.349,RGB,2833.3
0102.png,2040,1368,2790720,1.491,RGB,5645.5
0103.png,2040,1140,2325600,1.789,RGB,3630.8
0104.png,2040,1320,2692800,1.545,RGB,4583.5
0105.png,2040,1296,2643840,1.574,RGB,4285.3
0106.png,2040,1152,2350080,1.771,RGB,3154.0
0107.png,2040,1356,2766240,1.504,RGB,5942.7
0108.png,2040,1536,3133440,1.328,RGB,5634.3
0109.png,2040,1356,2766240,1.504,RGB,2329.3
0110.png,2040,1356,2766240,1.504,RGB,3789.5
0111.png,2040,1356,2766240,1.504,RGB,4152.5
0112.png,1356,2040,2766240,0.665,RGB,3452.5
0113.png,2040,1368,2790720,1.491,RGB,4393.2
0114.png,1368,2040,2790720,0.671,RGB,3682.8
0115.png,2040,1536,3133440,1.328,RGB,2621.7
0116.png,2040,1356,2766240,1.504,RGB,4040.5
0117.png,2040,1356,2766240,1.504,RGB,4816.1
0118.png,2040,1488,3035520,1.371,RGB,4736.9
0119.png,1356,2040,2766240,0.665,RGB,3506.5
0120.png,2040,1356,2766240,1.504,RGB,3104.5
0121.png,2040,1356,2766240,1.504,RGB,3097.7
0122.png,2040,960,1958400,2.125,RGB,3716.4
0123.png,2040,1536,3133440,1.328,RGB,4558.0
0124.png,1356,2040,2766240,0.665,RGB,3504.9
0125.png,2040,1356,2766240,1.504,RGB,4011.2
0126.png,2040,1464,2986560,1.393,RGB,4957.8
0127.png,2040,1356,2766240,1.504,RGB,3567.0
0128.png,2040,1284,2619360,1.589,RGB,3757.8
0129.png,2040,1356,2766240,1.504,RGB,5847.3
0130.png,2040,1356,2766240,1.504,RGB,3663.8
0131.png,2040,1356,2766240,1.504,RGB,4061.1
0132.png,2040,1296,2643840,1.574,RGB,4745.7
0133.png,2040,1356,2766240,1.504,RGB,3217.3
0134.png,1776,2040,3623040,0.871,RGB,5328.5
0135.png,2040,1344,2741760,1.518,RGB,4882.6
0136.png,2040,1356,2766240,1.504,RGB,2949.0
0137.png,2040,1332,2717280,1.532,RGB,3943.9
0138.png,2040,1356,2766240,1.504,RGB,2011.4
0139.png,2040,948,1933920,2.152,RGB,3971.9
0140.png,2040,1356,2766240,1.504,RGB,5510.2
0141.png,2040,1356,2766240,1.504,RGB,4705.0
0142.png,2040,1356,2766240,1.504,RGB,5115.0
0143.png,2040,1356,2766240,1.504,RGB,4020.9
0144.png,2040,1356,2766240,1.504,RGB,4581.3
0145.png,2040,732,1493280,2.787,RGB,2681.7
0146.png,2040,1356,2766240,1.504,RGB,4504.9
0147.png,2040,1656,3378240,1.232,RGB,6339.4
0148.png,2040,1356,2766240,1.504,RGB,4132.6
0149.png,2040,1752,3574080,1.164,RGB,5955.2
0150.png,1164,2040,2374560,0.571,RGB,3397.8
0151.png,2040,1356,2766240,1.504,RGB,4918.1
0152.png,2040,1356,2766240,1.504,RGB,3368.8
0153.png,2040,1356,2766240,1.504,RGB,4345.2
0154.png,2040,1356,2766240,1.504,RGB,3731.0
0155.png,2040,2040,4161600,1.0,RGB,5054.3
0156.png,2040,1356,2766240,1.504,RGB,3768.9
0157.png,2040,1356,2766240,1.504,RGB,2531.1
0158.png,2040,1224,2496960,1.667,RGB,4034.6
0159.png,2040,1356,2766240,1.504,RGB,3728.3
0160.png,2040,1356,2766240,1.504,RGB,5350.4
0161.png,2040,1260,2570400,1.619,RGB,4244.5
0162.png,1368,2040,2790720,0.671,RGB,5193.6
0163.png,2040,1356,2766240,1.504,RGB,4011.9
0164.png,2040,1356,2766240,1.504,RGB,2808.8
0165.png,2040,1356,2766240,1.504,RGB,3562.4
0166.png,2040,1356,2766240,1.504,RGB,4384.8
0167.png,1356,2040,2766240,0.665,RGB,2625.5
0168.png,2040,1356,2766240,1.504,RGB,3275.0
0169.png,2040,1356,2766240,1.504,RGB,4303.4
0170.png,2040,1152,2350080,1.771,RGB,3692.9
0171.png,2040,1536,3133440,1.328,RGB,4842.3
0172.png,2040,1260,2570400,1.619,RGB,3703.0
0173.png,2040,1356,2766240,1.504,RGB,4997.7
0174.png,2040,1308,2668320,1.56,RGB,4803.1
0175.png,2040,1068,2178720,1.91,RGB,3844.4
0176.png,2040,1644,3353760,1.241,RGB,3898.5
0177.png,2040,1356,2766240,1.504,RGB,3244.1
0178.png,2040,1356,2766240,1.504,RGB,4811.4
0179.png,2040,1356,2766240,1.504,RGB,3896.3
0180.png,2040,1356,2766240,1.504,RGB,3614.5
0181.png,2040,1536,3133440,1.328,RGB,5437.3
0182.png,2040,1248,2545920,1.635,RGB,4873.6
0183.png,2040,1356,2766240,1.504,RGB,4816.8
0184.png,2040,1356,2766240,1.504,RGB,4236.8
0185.png,2040,1152,2350080,1.771,RGB,2625.9
0186.png,2040,1356,2766240,1.504,RGB,4284.9
0187.png,2040,1356,2766240,1.504,RGB,4098.2
0188.png,2040,1548,3157920,1.318,RGB,3940.7
0189.png,2040,1356,2766240,1.504,RGB,5274.2
0190.png,2040,1356,2766240,1.504,RGB,3796.7
0191.png,2040,1152,2350080,1.771,RGB,3612.6
0192.png,2040,1452,2962080,1.405,RGB,5662.8
0193.png,2040,1356,2766240,1.504,RGB,1767.4
0194.png,2040,1356,2766240,1.504,RGB,2462.2
0195.png,2040,1356,2766240,1.504,RGB,3993.5
0196.png,2040,1356,2766240,1.504,RGB,4211.1
0197.png,2040,1356,2766240,1.504,RGB,4461.3
0198.png,2040,1356,2766240,1.504,RGB,3785.1
0199.png,2040,1548,3157920,1.318,RGB,4777.8
0200.png,2040,1356,2766240,1.504,RGB,3625.0
0201.png,2040,1536,3133440,1.328,RGB,6024.5
0202.png,2040,1356,2766240,1.504,RGB,4654.7
0203.png,2040,1356,2766240,1.504,RGB,5646.5
0204.png,2040,1260,2570400,1.619,RGB,3444.0
0205.png,2040,852,1738080,2.394,RGB,3344.4
0206.png,2040,1356,2766240,1.504,RGB,4186.5
0207.png,2040,1356,2766240,1.504,RGB,4817.7
0208.png,2040,1356,2766240,1.504,RGB,4273.9
0209.png,2040,1356,2766240,1.504,RGB,3671.7
0210.png,2040,1356,2766240,1.504,RGB,5079.4
0211.png,2040,1356,2766240,1.504,RGB,5746.1
0212.png,2040,1536,3133440,1.328,RGB,6680.5
0213.png,2040,1356,2766240,1.504,RGB,5759.6
0214.png,2040,1356,2766240,1.504,RGB,5985.0
0215.png,2040,1560,3182400,1.308,RGB,3630.8
0216.png,2040,1632,3329280,1.25,RGB,7570.0
0217.png,2040,2040,4161600,1.0,RGB,4860.6
0218.png,2040,1356,2766240,1.504,RGB,4909.3
0219.png,2040,1368,2790720,1.491,RGB,4192.4
0220.png,2040,1356,2766240,1.504,RGB,4606.1
0221.png,2040,1356,2766240,1.504,RGB,4690.4
0222.png,2040,1164,2374560,1.753,RGB,3343.4
0223.png,2040,1356,2766240,1.504,RGB,3911.7
0224.png,2040,1356,2766240,1.504,RGB,3624.5
0225.png,2040,1356,2766240,1.504,RGB,3641.2
0226.png,2040,1356,2766240,1.504,RGB,4586.1
0227.png,1356,2040,2766240,0.665,RGB,3014.9
0228.png,2040,1356,2766240,1.504,RGB,3771.0
0229.png,2040,1296,2643840,1.574,RGB,4081.7
0230.png,2040,1392,2839680,1.466,RGB,2553.0
0231.png,2040,1356,2766240,1.504,RGB,5134.2
0232.png,2040,1356,2766240,1.504,RGB,3920.4
0233.png,2040,1368,2790720,1.491,RGB,3879.2
0234.png,2040,1356,2766240,1.504,RGB,4421.6
0235.png,2040,1356,2766240,1.504,RGB,4228.4
0236.png,2040,1356,2766240,1.504,RGB,3886.7
0237.png,2040,1140,2325600,1.789,RGB,3596.5
0238.png,1296,2040,2643840,0.635,RGB,4477.7
0239.png,2040,1152,2350080,1.771,RGB,2981.0
0240.png,2040,1836,3745440,1.111,RGB,5649.2
0241.png,2040,1356,2766240,1.504,RGB,2999.8
0242.png,2040,1356,2766240,1.504,RGB,4417.2
0243.png,2040,780,1591200,2.615,RGB,3115.5
0244.png,2040,1536,3133440,1.328,RGB,5333.6
0245.png,2040,1536,3133440,1.328,RGB,5953.7
0246.png,1356,2040,2766240,0.665,RGB,4568.1
0247.png,2040,1356,2766240,1.504,RGB,4332.2
0248.png,2040,1356,2766240,1.504,RGB,4680.7
0249.png,2040,1356,2766240,1.504,RGB,4790.1
0250.png,2040,1356,2766240,1.504,RGB,3826.1
0251.png,2040,1356,2766240,1.504,RGB,3267.0
0252.png,2040,1356,2766240,1.504,RGB,3647.1
0253.png,2040,1356,2766240,1.504,RGB,3090.7
0254.png,2040,1356,2766240,1.504,RGB,4991.5
0255.png,2040,1356,2766240,1.504,RGB,3630.6
0256.png,2040,1356,2766240,1.504,RGB,3639.2
0257.png,2040,1356,2766240,1.504,RGB,4789.7
0258.png,2040,1356,2766240,1.504,RGB,4410.4
0259.png,2040,1296,2643840,1.574,RGB,3957.9
0260.png,2040,1356,2766240,1.504,RGB,4151.4
0261.png,2040,1356,2766240,1.504,RGB,6455.7
0262.png,2040,1356,2766240,1.504,RGB,4390.1
0263.png,2040,1332,2717280,1.532,RGB,2445.0
0264.png,2040,1356,2766240,1.504,RGB,3536.4
0265.png,2040,1356,2766240,1.504,RGB,4213.8
0266.png,2040,1356,2766240,1.504,RGB,4634.0
0267.png,2040,1356,2766240,1.504,RGB,3491.8
0268.png,2040,1356,2766240,1.504,RGB,3221.3
0269.png,2040,1632,3329280,1.25,RGB,4930.5
0270.png,2040,1356,2766240,1.504,RGB,4856.5
0271.png,2040,1536,3133440,1.328,RGB,4672.3
0272.png,2040,1188,2423520,1.717,RGB,2791.5
0273.png,2040,1356,2766240,1.504,RGB,4390.2
0274.png,2040,1356,2766240,1.504,RGB,5304.7
0275.png,2040,1356,2766240,1.504,RGB,3455.7
0276.png,2040,1356,2766240,1.504,RGB,3585.0
0277.png,2040,1356,2766240,1.504,RGB,4365.9
0278.png,1356,2040,2766240,0.665,RGB,2977.6
0279.png,2040,1356,2766240,1.504,RGB,3814.7
0280.png,2040,1152,2350080,1.771,RGB,3170.3
0281.png,2040,1152,2350080,1.771,RGB,5148.8
0282.png,2040,1356,2766240,1.504,RGB,3676.8
0283.png,2040,1356,2766240,1.504,RGB,4486.8
0284.png,2040,1356,2766240,1.504,RGB,4306.4
0285.png,1236,2040,2521440,0.606,RGB,4113.8
0286.png,2040,1536,3133440,1.328,RGB,4475.6
0287.png,2040,1356,2766240,1.504,RGB,3750.4
0288.png,2040,1356,2766240,1.504,RGB,5307.6
0289.png,1356,2040,2766240,0.665,RGB,3282.8
0290.png,2040,1356,2766240,1.504,RGB,4179.7
0291.png,2040,1260,2570400,1.619,RGB,5689.9
0292.png,2040,1356,2766240,1.504,RGB,4614.8
0293.png,2040,1152,2350080,1.771,RGB,3800.8
0294.png,2040,1356,2766240,1.504,RGB,3933.6
0295.png,2040,1356,2766240,1.504,RGB,3912.1
0296.png,2040,1356,2766240,1.504,RGB,3670.2
0297.png,2040,1344,2741760,1.518,RGB,6107.5
0298.png,2040,1224,2496960,1.667,RGB,4178.0
0299.png,2040,1392,2839680,1.466,RGB,4799.6
0300.png,2040,1320,2692800,1.545,RGB,4423.2
0301.png,2040,1356,2766240,1.504,RGB,2682.8
0302.png,2040,1356,2766240,1.504,RGB,4827.9
0303.png,2040,1356,2766240,1.504,RGB,4933.1
0304.png,2040,1224,2496960,1.667,RGB,4134.8
0305.png,2040,1356,2766240,1.504,RGB,5260.4
0306.png,2040,1356,2766240,1.504,RGB,4281.6
0307.png,2040,1356,2766240,1.504,RGB,3481.6
0308.png,2040,1356,2766240,1.504,RGB,4255.1
0309.png,2040,1356,2766240,1.504,RGB,4304.6
0310.png,2040,1356,2766240,1.504,RGB,4414.3
0311.png,2040,1188,2423520,1.717,RGB,4200.2
0312.png,1716,2040,3500640,0.841,RGB,5942.3
0313.png,1356,2040,2766240,0.665,RGB,5488.6
0314.png,2040,1356,2766240,1.504,RGB,3651.4
0315.png,2040,1200,2448000,1.7,RGB,3049.7
0316.png,2040,1332,2717280,1.532,RGB,3884.4
0317.png,2040,1356,2766240,1.504,RGB,5281.6
0318.png,2040,1356,2766240,1.504,RGB,4071.6
0319.png,2040,1356,2766240,1.504,RGB,3445.6
0320.png,2040,1356,2766240,1.504,RGB,5360.1
0321.png,2040,1356,2766240,1.504,RGB,3252.5
0322.png,2040,1644,3353760,1.241,RGB,5510.4
0323.png,2040,1356,2766240,1.504,RGB,4404.9
0324.png,1356,2040,2766240,0.665,RGB,5842.1
0325.png,2040,1356,2766240,1.504,RGB,4587.9
0326.png,2040,1356,2766240,1.504,RGB,4487.7
0327.png,2040,1152,2350080,1.771,RGB,2197.8
0328.png,2040,1356,2766240,1.504,RGB,5468.8
0329.png,1356,2040,2766240,0.665,RGB,3733.8
0330.png,2040,1140,2325600,1.789,RGB,4111.4
0331.png,1356,2040,2766240,0.665,RGB,4024.0
0332.png,2040,1224,2496960,1.667,RGB,5247.8
0333.png,2040,1356,2766240,1.504,RGB,5703.7
0334.png,2040,1356,2766240,1.504,RGB,5289.2
0335.png,2040,1272,2594880,1.604,RGB,4445.3
0336.png,2040,1356,2766240,1.504,RGB,4882.1
0337.png,1632,2040,3329280,0.8,RGB,4317.5
0338.png,2040,1356,2766240,1.504,RGB,3738.3
0339.png,2040,1356,2766240,1.504,RGB,4866.5
0340.png,2040,744,1517760,2.742,RGB,2324.9
0341.png,2040,1440,2937600,1.417,RGB,4383.6
0342.png,2040,1356,2766240,1.504,RGB,4706.0
0343.png,2040,1200,2448000,1.7,RGB,4251.9
0344.png,1356,2040,2766240,0.665,RGB,3813.8
0345.png,2040,1356,2766240,1.504,RGB,4704.7
0346.png,2040,1356,2766240,1.504,RGB,4330.8
0347.png,2040,1800,3672000,1.133,RGB,6115.2
0348.png,2040,1260,2570400,1.619,RGB,4808.6
0349.png,2040,1392,2839680,1.466,RGB,5110.3
0350.png,1116,2040,2276640,0.547,RGB,3514.5
0351.png,2040,1356,2766240,1.504,RGB,4950.1
0352.png,2040,888,1811520,2.297,RGB,3210.7
0353.png,2040,1536,3133440,1.328,RGB,4983.7
0354.png,2040,1356,2766240,1.504,RGB,4380.1
0355.png,2040,1356,2766240,1.504,RGB,3207.4
0356.png,2040,1272,2594880,1.604,RGB,3982.6
0357.png,2040,1176,2399040,1.735,RGB,4002.0
0358.png,2040,1356,2766240,1.504,RGB,4385.9
0359.png,2040,1356,2766240,1.504,RGB,2951.1
0360.png,2040,2004,4088160,1.018,RGB,5525.7
0361.png,1536,2040,3133440,0.753,RGB,5667.4
0362.png,2040,1464,2986560,1.393,RGB,4718.1
0363.png,2040,1356,2766240,1.504,RGB,5909.9
0364.png,2040,1356,2766240,1.504,RGB,2795.2
0365.png,2040,1212,2472480,1.683,RGB,3270.7
0366.png,2040,1356,2766240,1.504,RGB,5051.7
0367.png,2040,1356,2766240,1.504,RGB,3696.0
0368.png,2040,1356,2766240,1.504,RGB,2834.1
0369.png,2040,1356,2766240,1.504,RGB,4968.0
0370.png,2040,1356,2766240,1.504,RGB,5874.6
0371.png,2040,1356,2766240,1.504,RGB,3439.0
0372.png,2040,1140,2325600,1.789,RGB,5922.6
0373.png,1356,2040,2766240,0.665,RGB,3428.3
0374.png,1632,2040,3329280,0.8,RGB,4571.9
0375.png,1356,2040,2766240,0.665,RGB,4622.8
0376.png,2040,1356,2766240,1.504,RGB,3197.3
0377.png,2040,1356,2766240,1.504,RGB,6145.4
0378.png,2040,1536,3133440,1.328,RGB,5530.8
0379.png,2040,1368,2790720,1.491,RGB,3727.1
0380.png,2040,1272,2594880,1.604,RGB,5185.4
0381.png,2040,1452,2962080,1.405,RGB,3947.6
0382.png,2040,1356,2766240,1.504,RGB,5821.6
0383.png,2040,1512,3084480,1.349,RGB,4625.5
0384.png,2040,1356,2766240,1.504,RGB,4459.1
0385.png,1440,2040,2937600,0.706,RGB,4665.7
0386.png,2040,1356,2766240,1.504,RGB,3657.3
0387.png,2040,972,1982880,2.099,RGB,3044.9
0388.png,2040,1356,2766240,1.504,RGB,4844.5
0389.png,2040,1356,2766240,1.504,RGB,2623.5
0390.png,2040,1308,2668320,1.56,RGB,4128.0
0391.png,2040,1356,2766240,1.504,RGB,4183.2
0392.png,2040,1152,2350080,1.771,RGB,5097.5
0393.png,2040,1356,2766240,1.504,RGB,4046.0
0394.png,2040,1536,3133440,1.328,RGB,4938.7
0395.png,2040,1356,2766240,1.504,RGB,4946.1
0396.png,2040,1356,2766240,1.504,RGB,3307.8
0397.png,2040,1260,2570400,1.619,RGB,4386.3
0398.png,2040,1356,2766240,1.504,RGB,4620.3
0399.png,1356,2040,2766240,0.665,RGB,4011.9
0400.png,2040,1284,2619360,1.589,RGB,2790.4
0401.png,2040,1356,2766240,1.504,RGB,3481.0
0402.png,2040,1356,2766240,1.504,RGB,4300.4
0403.png,2040,1356,2766240,1.504,RGB,4311.1
0404.png,2040,1632,3329280,1.25,RGB,5932.4
0405.png,2040,1356,2766240,1.504,RGB,4012.7
0406.png,1356,2040,2766240,0.665,RGB,3104.1
0407.png,2040,1356,2766240,1.504,RGB,4375.9
0408.png,2040,1464,2986560,1.393,RGB,4993.2
0409.png,2040,1368,2790720,1.491,RGB,5936.4
0410.png,1356,2040,2766240,0.665,RGB,4310.9
0411.png,2040,1260,2570400,1.619,RGB,4602.5
0412.png,2040,1356,2766240,1.504,RGB,4919.0
0413.png,2040,1368,2790720,1.491,RGB,4259.1
0414.png,1356,2040,2766240,0.665,RGB,4064.9
0415.png,1356,2040,2766240,0.665,RGB,4111.0
0416.png,2040,1356,2766240,1.504,RGB,3084.7
0417.png,2040,1356,2766240,1.504,RGB,5057.2
0418.png,2040,1356,2766240,1.504,RGB,4651.8
0419.png,2040,1536,3133440,1.328,RGB,4016.8
0420.png,1536,2040,3133440,0.753,RGB,6072.7
0421.png,1524,2040,3108960,0.747,RGB,5140.7
0422.png,1356,2040,2766240,0.665,RGB,2440.3
0423.png,2040,1356,2766240,1.504,RGB,4820.1
0424.png,2040,1356,2766240,1.504,RGB,3275.1
0425.png,2040,1356,2766240,1.504,RGB,3188.6
0426.png,2040,1164,2374560,1.753,RGB,4947.8
0427.png,2040,1356,2766240,1.504,RGB,4826.2
0428.png,2040,1356,2766240,1.504,RGB,4320.1
0429.png,2040,1536,3133440,1.328,RGB,5444.8
0430.png,2040,1368,2790720,1.491,RGB,4190.0
0431.png,2040,1356,2766240,1.504,RGB,3329.6
0432.png,2040,1356,2766240,1.504,RGB,3461.5
0433.png,2040,1356,2766240,1.504,RGB,3783.5
0434.png,2040,1224,2496960,1.667,RGB,4140.7
0435.png,2040,1356,2766240,1.504,RGB,3409.5
0436.png,2040,1356,2766240,1.504,RGB,3604.8
0437.png,2040,648,1321920,3.148,RGB,1583.5
0438.png,2040,1356,2766240,1.504,RGB,5856.0
0439.png,2040,1392,2839680,1.466,RGB,4913.4
0440.png,2040,1356,2766240,1.504,RGB,4953.7
0441.png,2040,1188,2423520,1.717,RGB,3585.5
0442.png,2040,1356,2766240,1.504,RGB,3938.1
0443.png,2040,1356,2766240,1.504,RGB,6254.4
0444.png,2040,1356,2766240,1.504,RGB,3347.9
0445.png,2040,1356,2766240,1.504,RGB,3173.1
0446.png,2040,1356,2766240,1.504,RGB,5785.3
0447.png,2040,1692,3451680,1.206,RGB,5929.0
0448.png,2040,1536,3133440,1.328,RGB,4944.5
0449.png,1368,2040,2790720,0.671,RGB,4006.9
0450.png,2040,2040,4161600,1.0,RGB,6799.4
0451.png,1356,2040,2766240,0.665,RGB,4902.3
0452.png,2040,1428,2913120,1.429,RGB,3457.4
0453.png,2040,1536,3133440,1.328,RGB,4943.8
0454.png,2040,1356,2766240,1.504,RGB,3261.8
0455.png,2040,1128,2301120,1.809,RGB,3247.3
0456.png,2040,1356,2766240,1.504,RGB,3337.9
0457.png,1164,2040,2374560,0.571,RGB,3148.5
0458.png,2040,1356,2766240,1.504,RGB,3691.7
0459.png,2040,1356,2766240,1.504,RGB,4016.8
0460.png,1944,2040,3965760,0.953,RGB,6773.8
0461.png,1440,2040,2937600,0.706,RGB,3815.2
0462.png,2040,1356,2766240,1.504,RGB,4857.4
0463.png,2040,1368,2790720,1.491,RGB,5179.3
0464.png,2040,1356,2766240,1.504,RGB,4257.2
0465.png,2040,1152,2350080,1.771,RGB,3578.3
0466.png,2040,1356,2766240,1.504,RGB,4627.3
0467.png,1356,2040,2766240,0.665,RGB,3612.5
0468.png,2040,1356,2766240,1.504,RGB,4161.9
0469.png,1356,2040,2766240,0.665,RGB,3407.6
0470.png,2040,1356,2766240,1.504,RGB,5382.7
0471.png,2040,1356,2766240,1.504,RGB,5177.4
0472.png,2040,1356,2766240,1.504,RGB,4370.0
0473.png,2040,1356,2766240,1.504,RGB,3806.0
0474.png,2040,1356,2766240,1.504,RGB,3628.7
0475.png,2040,1356,2766240,1.504,RGB,4414.5
0476.png,2040,1452,2962080,1.405,RGB,4946.7
0477.png,2040,1356,2766240,1.504,RGB,4563.9
0478.png,2040,1356,2766240,1.504,RGB,4415.7
0479.png,2040,1356,2766240,1.504,RGB,4568.2
0480.png,2040,1356,2766240,1.504,RGB,3502.0
0481.png,2040,1368,2790720,1.491,RGB,3841.7
0482.png,2040,1488,3035520,1.371,RGB,5682.1
0483.png,2040,1356,2766240,1.504,RGB,3420.6
0484.png,2040,1356,2766240,1.504,RGB,3813.1
0485.png,2040,1356,2766240,1.504,RGB,5178.0
0486.png,2040,1536,3133440,1.328,RGB,4647.1
0487.png,2040,1356,2766240,1.504,RGB,5609.0
0488.png,1356,2040,2766240,0.665,RGB,3183.3
0489.png,2040,1536,3133440,1.328,RGB,4897.8
0490.png,2040,1356,2766240,1.504,RGB,4125.5
0491.png,2040,1368,2790720,1.491,RGB,5735.2
0492.png,2040,1356,2766240,1.504,RGB,5144.8
0493.png,2040,1356,2766240,1.504,RGB,3850.2
0494.png,2040,1356,2766240,1.504,RGB,3396.9
0495.png,2040,1356,2766240,1.504,RGB,3973.5
0496.png,2040,1356,2766240,1.504,RGB,3655.5
0497.png,2040,1356,2766240,1.504,RGB,4006.9
0498.png,2040,1356,2766240,1.504,RGB,2732.1
0499.png,2040,1356,2766240,1.504,RGB,4523.2
0500.png,2040,2040,4161600,1.0,RGB,7815.9
0501.png,2040,1356,2766240,1.504,RGB,4989.3
0502.png,2040,1356,2766240,1.504,RGB,3046.6
0503.png,2040,1356,2766240,1.504,RGB,4404.8
0504.png,2040,1356,2766240,1.504,RGB,4624.8
0505.png,2040,1140,2325600,1.789,RGB,5352.1
0506.png,2040,1356,2766240,1.504,RGB,4510.2
0507.png,2040,1356,2766240,1.504,RGB,1875.3
0508.png,1368,2040,2790720,0.671,RGB,4585.8
0509.png,2040,1368,2790720,1.491,RGB,3210.8
0510.png,2040,1356,2766240,1.504,RGB,4909.0
0511.png,2040,1152,2350080,1.771,RGB,3831.0
0512.png,2040,1452,2962080,1.405,RGB,4530.1
0513.png,2040,2040,4161600,1.0,RGB,4043.3
0514.png,2040,1368,2790720,1.491,RGB,4709.8
0515.png,2040,1356,2766240,1.504,RGB,6096.1
0516.png,2040,1536,3133440,1.328,RGB,5478.7
0517.png,2040,1536,3133440,1.328,RGB,4369.6
0518.png,2040,960,1958400,2.125,RGB,3056.6
0519.png,2040,1356,2766240,1.504,RGB,3685.0
0520.png,2040,1356,2766240,1.504,RGB,3690.9
0521.png,1368,2040,2790720,0.671,RGB,3609.0
0522.png,1356,2040,2766240,0.665,RGB,3500.6
0523.png,2040,888,1811520,2.297,RGB,4094.6
0524.png,2040,1356,2766240,1.504,RGB,3670.9
0525.png,2040,1356,2766240,1.504,RGB,3961.8
0526.png,2040,1356,2766240,1.504,RGB,6255.0
0527.png,2040,1044,2129760,1.954,RGB,3171.1
0528.png,2040,1536,3133440,1.328,RGB,4651.0
0529.png,2040,1356,2766240,1.504,RGB,6514.3
0530.png,2040,1356,2766240,1.504,RGB,3596.6
0531.png,2040,1536,3133440,1.328,RGB,5496.7
0532.png,1356,2040,2766240,0.665,RGB,3162.4
0533.png,2040,1356,2766240,1.504,RGB,2551.7
0534.png,2040,1224,2496960,1.667,RGB,3627.3
0535.png,2040,1284,2619360,1.589,RGB,4362.4
0536.png,2040,1356,2766240,1.504,RGB,4529.8
0537.png,2040,1356,2766240,1.504,RGB,5388.3
0538.png,2040,1356,2766240,1.504,RGB,2891.9
0539.png,2040,1368,2790720,1.491,RGB,3973.5
0540.png,2040,1356,2766240,1.504,RGB,4298.5
0541.png,2040,1368,2790720,1.491,RGB,4545.4
0542.png,2040,1140,2325600,1.789,RGB,5202.0
0543.png,1356,2040,2766240,0.665,RGB,3041.5
0544.png,2040,1356,2766240,1.504,RGB,3319.5
0545.png,1992,2040,4063680,0.976,RGB,8874.3
0546.png,2040,1536,3133440,1.328,RGB,4222.4
0547.png,2040,1152,2350080,1.771,RGB,3788.3
0548.png,2040,1356,2766240,1.504,RGB,3123.2
0549.png,2040,1356,2766240,1.504,RGB,5791.0
0550.png,2040,1224,2496960,1.667,RGB,4085.4
0551.png,2040,1356,2766240,1.504,RGB,3668.0
0552.png,2040,1356,2766240,1.504,RGB,2916.9
0553.png,2040,1356,2766240,1.504,RGB,5146.9
0554.png,2040,1332,2717280,1.532,RGB,4526.0
0555.png,2040,1356,2766240,1.504,RGB,5098.1
0556.png,2040,1356,2766240,1.504,RGB,4187.8
0557.png,2040,1152,2350080,1.771,RGB,3119.7
0558.png,2040,1356,2766240,1.504,RGB,4106.4
0559.png,2040,1536,3133440,1.328,RGB,5849.4
0560.png,2040,1092,2227680,1.868,RGB,2178.9
0561.png,2040,1176,2399040,1.735,RGB,4790.9
0562.png,2040,1356,2766240,1.504,RGB,5315.1
0563.png,2040,1356,2766240,1.504,RGB,4358.5
0564.png,2040,1608,3280320,1.269,RGB,3924.9
0565.png,1356,2040,2766240,0.665,RGB,2743.0
0566.png,2040,1368,2790720,1.491,RGB,5239.0
0567.png,2040,1356,2766240,1.504,RGB,4456.5
0568.png,1824,2040,3720960,0.894,RGB,5580.5
0569.png,2040,1356,2766240,1.504,RGB,4046.1
0570.png,2040,1356,2766240,1.504,RGB,3418.3
0571.png,2040,1356,2766240,1.504,RGB,4389.6
0572.png,2040,1356,2766240,1.504,RGB,5149.9
0573.png,2040,1356,2766240,1.504,RGB,4052.0
0574.png,2040,1332,2717280,1.532,RGB,5392.2
0575.png,2040,1356,2766240,1.504,RGB,5487.2
0576.png,2040,1356,2766240,1.504,RGB,4225.6
0577.png,1344,2040,2741760,0.659,RGB,5333.7
0578.png,2040,1248,2545920,1.635,RGB,2186.4
0579.png,2040,1152,2350080,1.771,RGB,5273.4
0580.png,2040,1344,2741760,1.518,RGB,3448.9
0581.png,2040,1068,2178720,1.91,RGB,2500.1
0582.png,2040,1356,2766240,1.504,RGB,4997.8
0583.png,2040,1188,2423520,1.717,RGB,3372.8
0584.png,2040,1356,2766240,1.504,RGB,4806.9
0585.png,2040,1248,2545920,1.635,RGB,4807.5
0586.png,1428,2040,2913120,0.7,RGB,4279.1
0587.png,2040,1368,2790720,1.491,RGB,3004.4
0588.png,2040,1356,2766240,1.504,RGB,6561.2
0589.png,2040,1356,2766240,1.504,RGB,4596.0
0590.png,1356,2040,2766240,0.665,RGB,3204.0
0591.png,2040,1212,2472480,1.683,RGB,4678.0
0592.png,2040,1356,2766240,1.504,RGB,5085.1
0593.png,2040,1356,2766240,1.504,RGB,4478.0
0594.png,2040,1356,2766240,1.504,RGB,5041.5
0595.png,2040,1428,2913120,1.429,RGB,4430.4
0596.png,2040,1356,2766240,1.504,RGB,4246.0
0597.png,1356,2040,2766240,0.665,RGB,3801.2
0598.png,2040,1356,2766240,1.504,RGB,3574.1
0599.png,2040,1356,2766240,1.504,RGB,3301.8
0600.png,2040,1536,3133440,1.328,RGB,4841.8
0601.png,2040,1356,2766240,1.504,RGB,4631.6
0602.png,2040,1356,2766240,1.504,RGB,4757.0
0603.png,1356,2040,2766240,0.665,RGB,4424.4
0604.png,2040,1356,2766240,1.504,RGB,6656.3
0605.png,2040,1428,2913120,1.429,RGB,3189.6
0606.png,2040,1356,2766240,1.504,RGB,5740.2
0607.png,2040,1356,2766240,1.504,RGB,4884.6
0608.png,1356,2040,2766240,0.665,RGB,4009.3
0609.png,2040,1356,2766240,1.504,RGB,4282.2
0610.png,2040,1440,2937600,1.417,RGB,3200.7
0611.png,2040,1356,2766240,1.504,RGB,4355.7
0612.png,2040,1188,2423520,1.717,RGB,3972.3
0613.png,2040,1584,3231360,1.288,RGB,5975.0
0614.png,1356,2040,2766240,0.665,RGB,3934.8
0615.png,1356,2040,2766240,0.665,RGB,4023.6
0616.png,2040,1368,2790720,1.491,RGB,4317.0
0617.png,2040,1356,2766240,1.504,RGB,4928.1
0618.png,2040,1356,2766240,1.504,RGB,3057.8
0619.png,2040,1524,3108960,1.339,RGB,4675.9
0620.png,2040,1356,2766240,1.504,RGB,4335.5
0621.png,2040,1356,2766240,1.504,RGB,5074.5
0622.png,2040,1452,2962080,1.405,RGB,3944.1
0623.png,2040,1356,2766240,1.504,RGB,5289.6
0624.png,1356,2040,2766240,0.665,RGB,4671.8
0625.png,1356,2040,2766240,0.665,RGB,5140.9
0626.png,2040,1356,2766240,1.504,RGB,4194.5
0627.png,2040,864,1762560,2.361,RGB,2321.6
0628.png,1632,2040,3329280,0.8,RGB,6947.9
0629.png,2040,1464,2986560,1.393,RGB,4164.5
0630.png,2040,1356,2766240,1.504,RGB,4416.6
0631.png,2040,1356,2766240,1.504,RGB,2818.4
0632.png,2040,1356,2766240,1.504,RGB,4742.1
0633.png,2040,1356,2766240,1.504,RGB,3323.8
0634.png,2040,1356,2766240,1.504,RGB,4652.9
0635.png,2040,1368,2790720,1.491,RGB,3902.6
0636.png,2040,1356,2766240,1.504,RGB,4633.3
0637.png,2040,1536,3133440,1.328,RGB,3576.4
0638.png,2040,1356,2766240,1.504,RGB,4438.3
0639.png,2040,1356,2766240,1.504,RGB,5842.9
0640.png,2040,1356,2766240,1.504,RGB,5165.7
0641.png,2040,1356,2766240,1.504,RGB,4955.7
0642.png,2040,1356,2766240,1.504,RGB,4411.6
0643.png,2040,1536,3133440,1.328,RGB,4079.6
0644.png,2040,1356,2766240,1.504,RGB,4399.3
0645.png,2040,1356,2766240,1.504,RGB,4542.5
0646.png,2040,1476,3011040,1.382,RGB,3179.9
0647.png,2040,1356,2766240,1.504,RGB,4333.6
0648.png,2040,1356,2766240,1.504,RGB,4593.0
0649.png,2040,1536,3133440,1.328,RGB,5449.6
0650.png,2040,1452,2962080,1.405,RGB,2773.5
0651.png,2040,1224,2496960,1.667,RGB,4114.1
0652.png,2040,1356,2766240,1.504,RGB,4111.1
0653.png,2040,1584,3231360,1.288,RGB,6724.6
0654.png,2040,1344,2741760,1.518,RGB,3760.5
0655.png,2040,1356,2766240,1.504,RGB,4422.6
0656.png,2040,1320,2692800,1.545,RGB,4311.7
0657.png,2040,1536,3133440,1.328,RGB,5672.6
0658.png,2040,1356,2766240,1.504,RGB,3602.3
0659.png,2040,1356,2766240,1.504,RGB,6057.9
0660.png,2040,1356,2766240,1.504,RGB,4064.8
0661.png,2040,1296,2643840,1.574,RGB,3679.4
0662.png,2040,1356,2766240,1.504,RGB,3722.9
0663.png,2040,1356,2766240,1.504,RGB,4470.4
0664.png,2040,1632,3329280,1.25,RGB,5315.8
0665.png,2040,1356,2766240,1.504,RGB,4291.4
0666.png,1476,2040,3011040,0.724,RGB,2395.8
0667.png,2040,1356,2766240,1.504,RGB,4603.9
0668.png,2040,1356,2766240,1.504,RGB,4661.1
0669.png,2040,1536,3133440,1.328,RGB,5112.9
0670.png,1356,2040,2766240,0.665,RGB,3712.9
0671.png,2040,1356,2766240,1.504,RGB,6423.5
0672.png,2040,1308,2668320,1.56,RGB,4318.1
0673.png,2040,1152,2350080,1.771,RGB,3185.6
0674.png,2040,1356,2766240,1.504,RGB,3657.3
0675.png,2040,1356,2766240,1.504,RGB,4111.1
0676.png,2040,1344,2741760,1.518,RGB,4538.9
0677.png,2040,1380,2815200,1.478,RGB,3340.1
0678.png,2040,1452,2962080,1.405,RGB,5068.3
0679.png,2040,1464,2986560,1.393,RGB,4342.8
0680.png,2040,1212,2472480,1.683,RGB,3899.6
0681.png,2040,1356,2766240,1.504,RGB,5036.9
0682.png,2040,1368,2790720,1.491,RGB,4314.5
0683.png,2040,1356,2766240,1.504,RGB,4288.3
0684.png,2040,1356,2766240,1.504,RGB,4869.3
0685.png,2040,1080,2203200,1.889,RGB,3377.1
0686.png,2040,1356,2766240,1.504,RGB,5457.9
0687.png,2040,1536,3133440,1.328,RGB,5074.6
0688.png,2040,1356,2766240,1.504,RGB,3578.5
0689.png,2040,1356,2766240,1.504,RGB,3700.0
0690.png,1356,2040,2766240,0.665,RGB,4436.7
0691.png,2040,1356,2766240,1.504,RGB,3981.8
0692.png,2040,1356,2766240,1.504,RGB,3671.6
0693.png,2040,1536,3133440,1.328,RGB,4764.5
0694.png,1356,2040,2766240,0.665,RGB,4852.2
0695.png,2040,1356,2766240,1.504,RGB,3277.4
0696.png,1356,2040,2766240,0.665,RGB,3415.1
0697.png,2040,1356,2766240,1.504,RGB,4370.9
0698.png,1968,2040,4014720,0.965,RGB,4144.2
0699.png,1572,2040,3206880,0.771,RGB,4651.4
0700.png,2040,1728,3525120,1.181,RGB,7670.1
0701.png,2040,1344,2741760,1.518,RGB,5229.6
0702.png,2040,1320,2692800,1.545,RGB,3327.9
0703.png,1356,2040,2766240,0.665,RGB,3804.5
0704.png,2040,1356,2766240,1.504,RGB,3543.8
0705.png,2040,1356,2766240,1.504,RGB,4108.0
0706.png,2040,1368,2790720,1.491,RGB,4952.1
0707.png,2040,1356,2766240,1.504,RGB,3599.3
0708.png,2040,1356,2766240,1.504,RGB,4034.0
0709.png,2040,1356,2766240,1.504,RGB,3851.6
0710.png,2040,936,1909440,2.179,RGB,3521.7
0711.png,2040,1536,3133440,1.328,RGB,4759.5
0712.png,2040,1788,3647520,1.141,RGB,6631.0
0713.png,2040,1344,2741760,1.518,RGB,3553.0
0714.png,2040,1524,3108960,1.339,RGB,4197.3
0715.png,2040,1332,2717280,1.532,RGB,4626.9
0716.png,2040,2040,4161600,1.0,RGB,6431.6
0717.png,2040,1356,2766240,1.504,RGB,3298.6
0718.png,2040,1356,2766240,1.504,RGB,2224.5
0719.png,2040,1356,2766240,1.504,RGB,4282.5
0720.png,2040,1356,2766240,1.504,RGB,3263.5
0721.png,2040,1356,2766240,1.504,RGB,4414.6
0722.png,2040,1356,2766240,1.504,RGB,3812.1
0723.png,2040,1356,2766240,1.504,RGB,4669.1
0724.png,1356,2040,2766240,0.665,RGB,4682.3
0725.png,2040,1356,2766240,1.504,RGB,4935.9
0726.png,2040,1152,2350080,1.771,RGB,3308.0
0727.png,2040,1356,2766240,1.504,RGB,3351.5
0728.png,2040,1368,2790720,1.491,RGB,4164.7
0729.png,2040,1356,2766240,1.504,RGB,5666.4
0730.png,2040,1356,2766240,1.504,RGB,5014.5
0731.png,2040,1356,2766240,1.504,RGB,4313.8
0732.png,2040,1536,3133440,1.328,RGB,5383.8
0733.png,2040,1308,2668320,1.56,RGB,3512.9
0734.png,1356,2040,2766240,0.665,RGB,3599.5
0735.png,2040,1536,3133440,1.328,RGB,4205.2
0736.png,2040,1452,2962080,1.405,RGB,4651.6
0737.png,2040,1356,2766240,1.504,RGB,3331.5
0738.png,2040,1356,2766240,1.504,RGB,3834.6
0739.png,2040,1356,2766240,1.504,RGB,5211.6
0740.png,2040,1356,2766240,1.504,RGB,4743.1
0741.png,1320,2040,2692800,0.647,RGB,3687.8
0742.png,2040,1356,2766240,1.504,RGB,4544.3
0743.png,2040,1356,2766240,1.504,RGB,5443.1
0744.png,2040,1584,3231360,1.288,RGB,4687.8
0745.png,2040,1140,2325600,1.789,RGB,4100.2
0746.png,2040,1356,2766240,1.504,RGB,4186.6
0747.png,2040,1464,2986560,1.393,RGB,4221.1
0748.png,2040,1536,3133440,1.328,RGB,5901.0
0749.png,2040,1332,2717280,1.532,RGB,3888.6
0750.png,2040,1356,2766240,1.504,RGB,4062.8
0751.png,2040,1356,2766240,1.504,RGB,4201.2
0752.png,1176,2040,2399040,0.576,RGB,3479.2
0753.png,2040,1536,3133440,1.328,RGB,5299.1
0754.png,2040,1356,2766240,1.504,RGB,4160.5
0755.png,2040,1356,2766240,1.504,RGB,4147.1
0756.png,2040,1356,2766240,1.504,RGB,4984.0
0757.png,1428,2040,2913120,0.7,RGB,4741.5
0758.png,2040,1356,2766240,1.504,RGB,4965.1
0759.png,2040,1356,2766240,1.504,RGB,4652.3
0760.png,1356,2040,2766240,0.665,RGB,5083.9
0761.png,2040,1440,2937600,1.417,RGB,4942.9
0762.png,2040,1296,2643840,1.574,RGB,3618.5
0763.png,2040,1536,3133440,1.328,RGB,3577.4
0764.png,2040,1344,2741760,1.518,RGB,2160.0
0765.png,2040,1356,2766240,1.504,RGB,4360.2
0766.png,2040,1356,2766240,1.504,RGB,6320.6
0767.png,2040,1572,3206880,1.298,RGB,3937.7
0768.png,2040,1356,2766240,1.504,RGB,2968.0
0769.png,2040,1356,2766240,1.504,RGB,3962.9
0770.png,2040,1356,2766240,1.504,RGB,5400.4
0771.png,2040,1356,2766240,1.504,RGB,4540.7
0772.png,2040,1356,2766240,1.504,RGB,5774.8
0773.png,2040,1356,2766240,1.504,RGB,4086.6
0774.png,2040,1356,2766240,1.504,RGB,4429.2
0775.png,2040,1356,2766240,1.504,RGB,4658.7
0776.png,2040,1536,3133440,1.328,RGB,5709.4
0777.png,2040,1536,3133440,1.328,RGB,3798.5
0778.png,2040,1356,2766240,1.504,RGB,4870.8
0779.png,2040,1356,2766240,1.504,RGB,3252.9
0780.png,2040,1356,2766240,1.504,RGB,4062.7
0781.png,2040,1356,2766240,1.504,RGB,4326.3
0782.png,1632,2040,3329280,0.8,RGB,4580.8
0783.png,2040,1368,2790720,1.491,RGB,3953.6
0784.png,2040,1356,2766240,1.504,RGB,4345.0
0785.png,2040,1224,2496960,1.667,RGB,4500.1
0786.png,2040,1356,2766240,1.504,RGB,5083.2
0787.png,2040,1356,2766240,1.504,RGB,5608.0
0788.png,2040,1356,2766240,1.504,RGB,4598.9
0789.png,2040,1260,2570400,1.619,RGB,4589.9
0790.png,2040,1356,2766240,1.504,RGB,3903.6
0791.png,2040,1356,2766240,1.504,RGB,3783.7
0792.png,2040,1356,2766240,1.504,RGB,3880.2
0793.png,2040,1488,3035520,1.371,RGB,3658.6
0794.png,2040,1272,2594880,1.604,RGB,4183.2
0795.png,2040,1152,2350080,1.771,RGB,3329.3
0796.png,2040,1356,2766240,1.504,RGB,4117.3
0797.png,2040,1416,2888640,1.441,RGB,6296.1
0798.png,2040,1356,2766240,1.504,RGB,4781.4
0799.png,2040,1356,2766240,1.504,RGB,2495.1
0800.png,2040,1332,2717280,1.532,RGB,2276.0
